handle,product_id,title,main_collection,main_collection_title,popularity_ratio,merch_tier,popularity_trend,age_status,rank_in_main_collection,sold_out,views_90d,add_to_cart,purchased,popularity_updated,url
stella,10718851137869,Domna Τοπ,ss26-sirens-tops,Sirens · Tops,7.94,Hero,Rising,Established,1,yes,21290,522,30,2026-09-23,https://myacollection.com/products/stella
elodie-dress,10566138757453,Elodie Φόρεμα,ss26-sirens-dresses,Sirens · Dresses,6.66,Hero,Rising,Established,1,no,38367,976,74,2026-09-23,https://myacollection.com/products/elodie-dress
marbella-dress,10814110531917,Marbella Dress,ss26-sirens,Sirens SS26,5.15,Hero,New,Ramping,2,no,6719,92,1,2026-09-23,https://myacollection.com/products/marbella-dress
indra-dress-copy,10298905690445,Indra Brown Dress,archive-sale,Archive Sale,5.12,Hero,Steady,Established,1,yes,4301,6,1,2026-09-23,https://myacollection.com/products/indra-dress-copy
ayla-jumpsuit,10248692302157,Ayla Jumpsuit,archive-sale,Archive Sale,4.74,Hero,Steady,Established,2,yes,5121,0,0,2026-09-23,https://myacollection.com/products/ayla-jumpsuit
naia-dress,10834002870605,Naia Dress,peonies-dress,Peonies · Dresses,4.39,New,New,New,1,no,4271,93,20,2026-09-23,https://myacollection.com/products/naia-dress
daria-limited,10833962598733,Daria LIMITED,peonies-dress,Peonies · Dresses,4.27,New,New,New,2,no,2488,55,7,2026-09-23,https://myacollection.com/products/daria-limited
elva-kimono,10243863937357,Elva Κιμονό φόρεμα,archive-sale,Archive Sale,4.24,Hero,Fading,Established,3,yes,3166,0,0,2026-09-23,https://myacollection.com/products/elva-kimono
amira-shirt,10237807329613,Amira Πουκάμισο,archive-sale,Archive Sale,4.13,Hero,Rising,Established,4,no,2838,95,1,2026-09-23,https://myacollection.com/products/amira-shirt
sylvia,10714453999949,Sylvia Κιμονό,ss26-sirens-kimono-dresses,Sirens · Kimono dresses,3.96,Hero,Rising,Established,1,no,12882,471,37,2026-09-23,https://myacollection.com/products/sylvia
belisse-limited,10833955914061,Belisse LIMITED,peonies-dress,Peonies · Dresses,3.76,New,New,New,3,no,2857,26,2,2026-09-23,https://myacollection.com/products/belisse-limited
coco,10730619339085,Coco Τοπ,ss26-sirens-tops,Sirens · Tops,3.73,Hero,New,Ramping,2,yes,6010,480,24,2026-09-23,https://myacollection.com/products/coco
tata-kimono-dress,9845707440461,Tata  Φόρεμα,archive-sale,Archive Sale,3.71,Hero,Rising,Established,5,yes,1894,31,1,2026-09-23,https://myacollection.com/products/tata-kimono-dress
empress-top,10073195905357,Empress Top,ss26-sirens-tops,Sirens · Tops,3.67,Hero,New,Ramping,3,yes,6484,300,19,2026-09-23,https://myacollection.com/products/empress-top
dioni,10730727440717,Dioni Φόρεμα,ss26-sirens,Sirens SS26,3.63,Hero,New,Ramping,8,yes,10720,158,7,2026-09-23,https://myacollection.com/products/dioni
olena-dress,10834006475085,Olena Dress,peonies-dress,Peonies · Dresses,3.60,New,New,New,4,no,3256,82,24,2026-09-23,https://myacollection.com/products/olena-dress
stella-top-1,10718845763917,Domna Φούστα,ss26-sirens-skirts,Sirens · Skirts,3.23,Hero,Rising,Established,1,no,9974,480,29,2026-09-23,https://myacollection.com/products/stella-top-1
melisande-top-1,10831622013261,Melisande Top,peonies-tops,Peonies · Tops,3.03,New,New,New,1,no,1396,41,2,2026-09-23,https://myacollection.com/products/melisande-top-1
belisse-cape,10831625519437,Belisse  Cape,peonies-tops,Peonies · Tops,2.89,New,New,New,2,no,1029,15,4,2026-09-23,https://myacollection.com/products/belisse-cape
amari-dress,8669619781965,Amari Φόρεμα,archive-sale,Archive Sale,2.87,Strong,Rising,Established,6,no,1567,86,9,2026-09-23,https://myacollection.com/products/amari-dress
crystalia,10652663251277,Crystalia Φόρεμα,ss26-sirens-dresses,Sirens · Dresses,2.87,Strong,Rising,Established,2,no,19946,386,25,2026-09-23,https://myacollection.com/products/crystalia
velora,10634112041293,Velora Φόρεμα,ss26-sirens,Sirens SS26,2.86,Strong,Rising,Established,12,yes,8155,121,9,2026-09-23,https://myacollection.com/products/velora
zoe-pants,10564703289677,Zoe Παντελόνα,ss26-sirens-pants,Sirens · Pants,2.82,Strong,Rising,Established,1,no,5365,140,2,2026-09-23,https://myacollection.com/products/zoe-pants
ameline-top-1,10831704588621,Ameline Top,peonies-tops,Peonies · Tops,2.70,New,New,New,3,no,842,44,6,2026-09-23,https://myacollection.com/products/ameline-top-1
dalia-dress,10728598831437,Dalia Φόρεμα,ss26-sirens,Sirens SS26,2.69,Strong,New,Ramping,17,yes,11225,112,7,2026-09-23,https://myacollection.com/products/dalia-dress
aeris-jumpsuit,10390642590029,Aeris Ολόσωμη φόρμα,archive-sale,Archive Sale,2.68,Strong,Steady,Established,7,no,1881,68,3,2026-09-23,https://myacollection.com/products/aeris-jumpsuit
doris,10730899734861,Doris Φούστα,ss26-sirens-skirts,Sirens · Skirts,2.65,Strong,New,Ramping,2,no,6377,275,16,2026-09-23,https://myacollection.com/products/doris
alba-pants,10248741912909,Alba Παντελόνα,archive-sale,Archive Sale,2.62,Strong,Fading,Established,8,yes,2714,0,0,2026-09-23,https://myacollection.com/products/alba-pants
nerea-dress,10834097766733,Nerea Dress,peonies-dress,Peonies · Dresses,2.56,New,New,New,5,no,1880,38,7,2026-09-23,https://myacollection.com/products/nerea-dress
coco-skirt,10730655580493,Coco Φούστα,ss26-sirens-skirts,Sirens · Skirts,2.52,Strong,New,Ramping,3,no,5868,398,22,2026-09-23,https://myacollection.com/products/coco-skirt
belisse-dress,10833955160397,Belisse Dress,peonies-dress,Peonies · Dresses,2.51,New,New,New,6,no,2449,25,4,2026-09-23,https://myacollection.com/products/belisse-dress
daria-dress,10833960927565,Daria Dress,peonies-dress,Peonies · Dresses,2.46,New,New,New,7,no,2699,35,4,2026-09-23,https://myacollection.com/products/daria-dress
copy-copy-75,10633925165389,Delya Φόρεμα,ss26-sirens,Sirens SS26,2.46,Strong,Steady,Established,18,yes,10252,262,19,2026-09-23,https://myacollection.com/products/copy-copy-75
capri-1,10731572789581,Capri Τοπ,ss26-sirens-tops,Sirens · Tops,2.42,Strong,New,Ramping,4,yes,5528,349,23,2026-09-23,https://myacollection.com/products/capri-1
scorpios-limited,10731628429645,Scorpios LIMITED,ss26-sirens,Sirens SS26,2.39,Strong,New,Ramping,20,yes,7897,64,2,2026-09-23,https://myacollection.com/products/scorpios-limited
hilary-dress,10566159991117,Hilary Φόρεμα,ss26-sirens-dresses,Sirens · Dresses,2.36,Strong,Steady,Established,3,yes,14803,431,44,2026-09-23,https://myacollection.com/products/hilary-dress
melin-top,10804955087181,Melin Top,ss26-sirens-tops,Sirens · Tops,2.31,Strong,New,Ramping,5,no,1649,175,4,2026-09-23,https://myacollection.com/products/melin-top
victoria,10697115926861,Victoria Φόρεμα,ss26-sirens-dresses,Sirens · Dresses,2.31,Strong,Steady,Established,4,no,17323,70,1,2026-09-23,https://myacollection.com/products/victoria
adelie-dress,10833893097805,Adélie Dress,peonies-dress,Peonies · Dresses,2.26,New,New,New,8,no,2141,34,2,2026-09-23,https://myacollection.com/products/adelie-dress
maeva-kids,10700591759693,Maeva Kids Φόρεμα,ss26-sirens-kids,Sirens · Kids,2.25,Strong,Steady,Established,1,yes,1943,28,3,2026-09-23,https://myacollection.com/products/maeva-kids
arielia-kids,10700696977741,Arielia Kids Φόρεμα,ss26-sirens-kids,Sirens · Kids,2.24,Strong,Steady,Established,2,yes,1894,38,2,2026-09-23,https://myacollection.com/products/arielia-kids
ember-skirt,10387831095629,Ember Φούστα,archive-sale,Archive Sale,2.21,Strong,Steady,Established,9,no,2068,23,0,2026-09-23,https://myacollection.com/products/ember-skirt
runa-top,10566035374413,Runa Τοπ,ss26-sirens-tops,Sirens · Tops,2.15,Strong,Fading,Established,6,no,5147,47,1,2026-09-23,https://myacollection.com/products/runa-top
sorelia-limited-1,10833930387789,Araminta Dress,peonies-dress,Peonies · Dresses,2.12,New,New,New,9,no,2590,24,3,2026-09-23,https://myacollection.com/products/sorelia-limited-1
evelisse-limited,10652612165965,Evelisse LIMITED Φόρεμα,ss26-sirens-dresses,Sirens · Dresses,2.08,Strong,Steady,Established,5,yes,11724,395,24,2026-09-23,https://myacollection.com/products/evelisse-limited
ameline-skirt,10833816387917,Ameline  Skirt,peonies-skirts,Peonies · Skirts,2.01,New,New,New,1,no,520,8,0,2026-09-23,https://myacollection.com/products/ameline-skirt
argenta-cape,10563227615565,Argenta Κάπα,ss26-sirens-tops,Sirens · Tops,1.96,Strong,Fading,Established,7,yes,4111,30,1,2026-09-23,https://myacollection.com/products/argenta-cape
calista-skirt,10831800795469,Calista Skirt,peonies-skirts,Peonies · Skirts,1.95,New,New,New,2,no,831,15,1,2026-09-23,https://myacollection.com/products/calista-skirt
perla,10730988405069,Perla Φόρεμα,ss26-sirens,Sirens SS26,1.93,Strong,New,Ramping,29,yes,5688,104,4,2026-09-23,https://myacollection.com/products/perla
empress-skirt,10074122977613,Empress Skirt,ss26-sirens-skirts,Sirens · Skirts,1.91,Strong,Rising,Established,4,yes,5499,334,20,2026-09-23,https://myacollection.com/products/empress-skirt
evania-pants,10831763931469,Evania Pants,peonies-pants,Peonies · Pants,1.91,New,New,New,1,no,231,16,1,2026-09-23,https://myacollection.com/products/evania-pants
eira-cape-1,10831635022157,Eira  Cape,peonies-tops,Peonies · Tops,1.89,New,New,New,4,no,563,4,1,2026-09-23,https://myacollection.com/products/eira-cape-1
ariel-siren-dress-blue,10559049138509,Ariel Siren Φόρεμα γαλάζιο,ss26-sirens-dresses,Sirens · Dresses,1.88,Strong,Fading,Established,6,yes,12733,165,9,2026-09-23,https://myacollection.com/products/ariel-siren-dress-blue
celestia-kids,10700575211853,Celestia Kids Φόρεμα,ss26-sirens-kids,Sirens · Kids,1.88,Strong,Steady,Established,3,no,1586,17,0,2026-09-23,https://myacollection.com/products/celestia-kids
harmonia-dress-1,10524729114957,Harmonia Φόρεμα,archive-sale,Archive Sale,1.88,Strong,Rising,Established,10,no,1766,26,0,2026-09-23,https://myacollection.com/products/harmonia-dress-1
adara-dress,10834117951821,Adara Dress,peonies-dress,Peonies · Dresses,1.86,New,New,New,10,no,1369,23,5,2026-09-23,https://myacollection.com/products/adara-dress
phoebe-dress,10564863885645,Phoebe Φόρεμα,ss26-sirens,Sirens SS26,1.86,Strong,Fading,Established,31,yes,7952,42,2,2026-09-23,https://myacollection.com/products/phoebe-dress
zoe-kids,10703252554061,Zoe Kids Κιμονό,ss26-sirens-kids,Sirens · Kids,1.86,Strong,Steady,Established,4,yes,1411,12,1,2026-09-23,https://myacollection.com/products/zoe-kids
lydia,10714458063181,Lydia Κιμονό,ss26-sirens-kimono-dresses,Sirens · Kimono dresses,1.83,Strong,Rising,Established,2,yes,8163,94,6,2026-09-23,https://myacollection.com/products/lydia
magnolia-top,10731569217869,Magnolia Τοπ,ss26-sirens-tops,Sirens · Tops,1.82,Strong,New,Ramping,8,no,4031,300,21,2026-09-23,https://myacollection.com/products/magnolia-top
orlaya-1,10641885364557,Orlaya Φούστα,ss26-sirens-skirts,Sirens · Skirts,1.79,Strong,Fading,Established,5,yes,5181,98,1,2026-09-23,https://myacollection.com/products/orlaya-1
lynn-ann-top,8669577445709,Lynn Ann Τοπ,archive-sale,Archive Sale,1.77,Strong,Steady,Established,11,no,1443,81,3,2026-09-23,https://myacollection.com/products/lynn-ann-top
marisa,10671661482317,Marisa Φόρεμα,ss26-sirens-dresses,Sirens · Dresses,1.76,Strong,Rising,Established,7,yes,10471,308,22,2026-09-23,https://myacollection.com/products/marisa
alessia-kimono,10833837261133,Alessia Kimono,peonies-kimono-dress,Peonies · Kimono dresses,1.72,New,New,New,1,no,694,11,2,2026-09-23,https://myacollection.com/products/alessia-kimono
ameline-top,10831700951373,Ameline Top,peonies-tops,Peonies · Tops,1.72,New,New,New,5,no,404,24,0,2026-09-23,https://myacollection.com/products/ameline-top
kalina-dress,10834708365645,Kalina Dress,peonies-dress,Peonies · Dresses,1.70,New,New,New,11,yes,1878,17,2,2026-09-23,https://myacollection.com/products/kalina-dress
maeva-dress,10566112903501,Maeva Φόρεμα,ss26-sirens,Sirens SS26,1.70,Strong,Steady,Established,34,no,3089,102,4,2026-09-23,https://myacollection.com/products/maeva-dress
solenne,10644069187917,Solenne Φόρεμα,ss26-sirens,Sirens SS26,1.69,Strong,Steady,Established,35,yes,7771,69,3,2026-09-23,https://myacollection.com/products/solenne
melin-skirt,10804947190093,Melin Skirt,ss26-sirens-skirts,Sirens · Skirts,1.67,Strong,New,Ramping,6,no,1780,235,4,2026-09-23,https://myacollection.com/products/melin-skirt
sophia,10642032361805,Sophia Φόρεμα,ss26-sirens-dresses,Sirens · Dresses,1.66,Strong,Fading,Established,8,no,12047,31,2,2026-09-23,https://myacollection.com/products/sophia
aurielle-dress,10525038674253,Aurielle Φόρεμα,archive-sale,Archive Sale,1.65,Strong,Rising,Established,12,no,1243,16,0,2026-09-23,https://myacollection.com/products/aurielle-dress
thalina-dress-1,10559114215757,Thalina Φόρεμα,ss26-sirens,Sirens SS26,1.65,Strong,Steady,Established,37,yes,4040,480,1,2026-09-23,https://myacollection.com/products/thalina-dress-1
elara-skirt,10833813078349,Elara  Skirt,peonies-skirts,Peonies · Skirts,1.64,New,New,New,3,no,697,7,0,2026-09-23,https://myacollection.com/products/elara-skirt
liora-dress-1,10833878876493,Liora Dress,peonies-dress,Peonies · Dresses,1.64,New,New,New,12,no,1444,45,7,2026-09-23,https://myacollection.com/products/liora-dress-1
luvora-dress,10525019046221,Luvora Φόρεμα,archive-sale,Archive Sale,1.64,Strong,Rising,Established,13,yes,1225,15,1,2026-09-23,https://myacollection.com/products/luvora-dress
nerida,10710349381965,Nerida Φόρεμα,ss26-sirens-dresses,Sirens · Dresses,1.64,Strong,Rising,Established,9,no,8969,374,15,2026-09-23,https://myacollection.com/products/nerida
leandra-dress,10814122819917,Leandra Dress,ss26-sirens,Sirens SS26,1.63,Strong,New,Ramping,38,no,2198,22,0,2026-09-23,https://myacollection.com/products/leandra-dress
gold-underdress,8936685863245,Gold Underdress,underdress,Peonies · Underdress,1.62,Strong,Steady,Established,1,no,2086,264,46,2026-09-23,https://myacollection.com/products/gold-underdress
neta-top,10566385434957,Neta Τοπ,ss26-sirens-tops,Sirens · Tops,1.62,Strong,Fading,Established,9,yes,3741,92,3,2026-09-23,https://myacollection.com/products/neta-top
aviana-cape,10831648227661,Aviana  Cape,peonies-tops,Peonies · Tops,1.61,New,New,New,6,no,712,14,0,2026-09-23,https://myacollection.com/products/aviana-cape
greta-dress,10566155960653,Greta Φόρεμα,ss26-sirens-dresses,Sirens · Dresses,1.60,Strong,Fading,Established,10,no,9251,35,2,2026-09-23,https://myacollection.com/products/greta-dress
lyselle-dress,10833924161869,Lyselle Dress,peonies-dress,Peonies · Dresses,1.60,New,New,New,13,no,1955,20,3,2026-09-23,https://myacollection.com/products/lyselle-dress
doris-1,10730911793485,Doris Τοπ,ss26-sirens-tops,Sirens · Tops,1.59,Strong,New,Ramping,10,no,3100,248,18,2026-09-23,https://myacollection.com/products/doris-1
cassia-skirt,10833817010509,Cassia  Skirt,peonies-skirts,Peonies · Skirts,1.58,New,New,New,4,no,292,9,1,2026-09-23,https://myacollection.com/products/cassia-skirt
astor-kimono,10566045172045,Astor Kimono,ss26-sirens-kimono-dresses,Sirens · Kimono dresses,1.57,Strong,Fading,Established,3,yes,6537,14,1,2026-09-23,https://myacollection.com/products/astor-kimono
calypso-top-pink,10559183356237,Calypso Τοπ ροζ,ss26-sirens-tops,Sirens · Tops,1.57,Strong,Steady,Established,11,no,2979,249,10,2026-09-23,https://myacollection.com/products/calypso-top-pink
kirki,10730842784077,Kirki Τοπ,ss26-sirens-tops,Sirens · Tops,1.56,Strong,New,Ramping,12,no,2669,211,16,2026-09-23,https://myacollection.com/products/kirki
elyra-cape,10563208315213,Elyra Κάπα,ss26-sirens-tops,Sirens · Tops,1.55,Strong,Fading,Established,13,yes,3260,0,0,2026-09-23,https://myacollection.com/products/elyra-cape
kirki-kimono,10730877223245,Kirki Κιμονό,ss26-sirens-kimono-dresses,Sirens · Kimono dresses,1.53,Strong,New,Ramping,4,no,5513,132,8,2026-09-23,https://myacollection.com/products/kirki-kimono
livia-copy,10786186232141,Rose Ολόσωμη φόρμα,ss26-sirens-jumpsuits,Sirens · Jumpsuits,1.52,Strong,New,Ramping,1,no,3229,65,3,2026-09-23,https://myacollection.com/products/livia-copy
tamara-jumsuit,10834724651341,Tamara Jumsuit,peonies-jumpsuits,Peonies · Jumpsuits,1.52,New,New,New,1,no,1146,11,1,2026-09-23,https://myacollection.com/products/tamara-jumsuit
rayne-dress,10564896391501,Rayne Φόρεμα,ss26-sirens,Sirens SS26,1.51,Strong,Fading,Established,42,yes,6940,55,1,2026-09-23,https://myacollection.com/products/rayne-dress
violetta-pants,10831729623373,Violetta Pants,peonies-pants,Peonies · Pants,1.51,New,New,New,2,no,157,8,1,2026-09-23,https://myacollection.com/products/violetta-pants
nora,10758769738061,Nora Τοπ,ss26-sirens-tops,Sirens · Tops,1.48,Average,New,Ramping,14,no,2002,68,3,2026-09-23,https://myacollection.com/products/nora
scarlet,10664671936845,Scarlet Φόρεμα,monochrome,Ρούχα Περίστασης (Occasion wear),1.48,Average,Steady,Established,7,yes,5406,15,2,2026-09-23,https://myacollection.com/products/scarlet
amaris-top,10831673491789,Amaris Top,peonies-tops,Peonies · Tops,1.47,New,New,New,7,no,290,16,1,2026-09-23,https://myacollection.com/products/amaris-top
ameline-kimono,10833834901837,Ameline  Kimono,peonies-kimono-dress,Peonies · Kimono dresses,1.44,New,New,New,2,no,802,18,1,2026-09-23,https://myacollection.com/products/ameline-kimono
calypso-skirt-pink,10559200788813,Calypso Skirt Pink,ss26-sirens-skirts,Sirens · Skirts,1.43,Average,Fading,Established,7,yes,4291,202,11,2026-09-23,https://myacollection.com/products/calypso-skirt-pink
helia-dress,10563090907469,Helia Φόρεμα,ss26-sirens-dresses,Sirens · Dresses,1.43,Average,Fading,Established,11,yes,9780,16,0,2026-09-23,https://myacollection.com/products/helia-dress
jessamine-blazer,10833843290445,Jessamine Blazer,peonies-blazers,Peonies · Blazers,1.43,New,New,New,1,no,88,7,0,2026-09-23,https://myacollection.com/products/jessamine-blazer
layered-shell-1,10663945011533,Layered Shell Κολιέ,ss26-sirens-accessories,Sirens · Accessories,1.43,Average,Steady,Established,4,yes,1572,12,1,2026-09-23,https://myacollection.com/products/layered-shell-1
nerissa-kimono-pink,10559204852045,Nerissa Κιμονό ροζ,ss26-sirens-kimono-dresses,Sirens · Kimono dresses,1.41,Average,Steady,Established,5,no,4575,145,8,2026-09-23,https://myacollection.com/products/nerissa-kimono-pink
eve-copy,10670927511885,Selene Ολόσωμη φόρμα,ss26-sirens-jumpsuits,Sirens · Jumpsuits,1.41,Average,Rising,Established,2,no,5395,42,1,2026-09-23,https://myacollection.com/products/eve-copy
alessa-dress,10833913938253,Alessa Dress,peonies-dress,Peonies · Dresses,1.40,New,New,New,14,no,1567,24,3,2026-09-23,https://myacollection.com/products/alessa-dress
bianca-jumsuit,10834721472845,Bianca Jumsuit,peonies-jumpsuits,Peonies · Jumpsuits,1.40,New,New,New,2,no,955,25,2,2026-09-23,https://myacollection.com/products/bianca-jumsuit
melina,10714445873485,Melina Κιμονό,ss26-sirens-kimono-dresses,Sirens · Kimono dresses,1.40,Average,Rising,Established,6,yes,5012,132,9,2026-09-23,https://myacollection.com/products/melina
noelle,10786243215693,Noelle Φόρεμα,ss26-sirens-dresses,Sirens · Dresses,1.40,Average,New,Ramping,12,no,5265,225,5,2026-09-23,https://myacollection.com/products/noelle
paloma-dress,10834069487949,Paloma Dress,peonies-dress,Peonies · Dresses,1.38,New,New,New,15,no,1554,19,3,2026-09-23,https://myacollection.com/products/paloma-dress
thalassa-limited,10657844953421,Thalassa LIMITED Φόρεμα,ss26-sirens,Sirens SS26,1.38,Average,Steady,Established,51,yes,5539,51,1,2026-09-23,https://myacollection.com/products/thalassa-limited
lea-dress,10566090916173,Lea Φόρεμα,ss26-sirens,Sirens SS26,1.37,Average,Steady,Established,53,yes,4199,126,4,2026-09-23,https://myacollection.com/products/lea-dress
soraya,10643352158541,Soraya Φόρεμα,ss26-sirens-dresses,Sirens · Dresses,1.37,Average,Steady,Established,13,yes,7652,204,11,2026-09-23,https://myacollection.com/products/soraya
calypso-skirt-blue,10559198298445,Calypso Skirt Blue,ss26-sirens-skirts,Sirens · Skirts,1.36,Average,Steady,Established,8,no,3838,144,4,2026-09-23,https://myacollection.com/products/calypso-skirt-blue
ariel-kids,10700554699085,Ariel Kids Φόρεμα,ss26-sirens-kids,Sirens · Kids,1.34,Average,Rising,Established,5,yes,411,8,0,2026-09-23,https://myacollection.com/products/ariel-kids
tiffany-dress,10197665218893,Tiffany dress,ss26-sirens-dresses,Sirens · Dresses,1.33,Average,Rising,Established,14,no,7948,178,14,2026-09-23,https://myacollection.com/products/tiffany-dress
coralia-dress,10566166413645,Coralia Φόρεμα,ss26-sirens,Sirens SS26,1.32,Average,Fading,Established,56,yes,5274,132,3,2026-09-23,https://myacollection.com/products/coralia-dress
magnolia-skirt,10566041698637,Magnolia Φούστα,ss26-sirens-skirts,Sirens · Skirts,1.31,Average,Steady,Established,9,no,4244,219,18,2026-09-23,https://myacollection.com/products/magnolia-skirt
norah-kimono,10566086492493,Norah Κιμονό,ss26-sirens-kimono-dresses,Sirens · Kimono dresses,1.30,Average,Fading,Established,7,yes,5492,0,0,2026-09-23,https://myacollection.com/products/norah-kimono
alessandra-dress,10863687893325,Alessandra Dress,peonies-dress,Peonies · Dresses,1.29,New,New,New,16,no,1326,41,7,2026-09-23,https://myacollection.com/products/alessandra-dress
auralis-kimono,10563066659149,Auralis Κιμονό,ss26-sirens-kimono-dresses,Sirens · Kimono dresses,1.27,Average,Rising,Established,8,no,4655,32,0,2026-09-23,https://myacollection.com/products/auralis-kimono
lumira,10633956557133,Lumira Φόρεμα,ss26-sirens-dresses,Sirens · Dresses,1.26,Average,Fading,Established,15,yes,9159,129,8,2026-09-23,https://myacollection.com/products/lumira
nerissa,10703248359757,Nerissa Kids Ροζ Κιμονό,ss26-sirens-kids,Sirens · Kids,1.26,Average,Steady,Established,6,no,1092,6,2,2026-09-23,https://myacollection.com/products/nerissa
amarise-dress,10833918460237,Amarisé Dress,peonies-dress,Peonies · Dresses,1.25,New,New,New,17,no,1123,14,3,2026-09-23,https://myacollection.com/products/amarise-dress
juliet-top,8151987355929,JULIET TOP,archive-sale,Archive Sale,1.24,New,New,New,14,no,22,1,0,2026-09-23,https://myacollection.com/products/juliet-top
rosalie-2,10786210480461,Rosalie Φόρεμα,ss26-sirens-dresses,Sirens · Dresses,1.24,Average,New,Ramping,16,no,4660,200,9,2026-09-23,https://myacollection.com/products/rosalie-2
glowen-dress,10564884070733,Glowen Φόρεμα,ss26-sirens,Sirens SS26,1.23,Average,Fading,Established,61,yes,4810,46,2,2026-09-23,https://myacollection.com/products/glowen-dress
nyra-jumpsuit,10390639116621,Nyra Jumpsuit,archive-sale,Archive Sale,1.23,Average,Rising,Established,16,yes,1263,10,1,2026-09-23,https://myacollection.com/products/nyra-jumpsuit
selira-dress,10338865250637,Selira Φόρεμα,archive-sale,Archive Sale,1.23,Average,Steady,Established,15,no,1353,6,0,2026-09-23,https://myacollection.com/products/selira-dress
perla-kimono-dress,6552814256227,Perla Kimono Dress,archive-sale,Archive Sale,1.22,New,New,New,17,no,572,5,0,2026-09-23,https://myacollection.com/products/perla-kimono-dress
seraphina-blazer,10833848992077,Seraphina Blazer,peonies-blazers,Peonies · Blazers,1.22,New,New,New,2,no,48,2,0,2026-09-23,https://myacollection.com/products/seraphina-blazer
copy-copy-78,10633971007821,Thalior Φόρεμα,ss26-sirens,Sirens SS26,1.22,Average,Steady,Established,62,yes,5291,77,0,2026-09-23,https://myacollection.com/products/copy-copy-78
noir-dress,10906129269069,Noir Dress,peonies-dress,Peonies · Dresses,1.21,New,New,New,18,no,24,0,0,2026-09-23,https://myacollection.com/products/noir-dress
isebel-dress,10361722929485,Isebel Φόρεμα,archive-sale,Archive Sale,1.20,Average,Rising,Established,18,yes,805,60,7,2026-09-23,https://myacollection.com/products/isebel-dress
lilu-jumpsuit,10566207308109,Lilu Ολόσωμη φόρμα,ss26-sirens-jumpsuits,Sirens · Jumpsuits,1.20,Average,Fading,Established,3,yes,4533,8,1,2026-09-23,https://myacollection.com/products/lilu-jumpsuit
kirki-skirt,10730866344269,Kirki Φούστα,ss26-sirens-skirts,Sirens · Skirts,1.19,Average,New,Ramping,10,yes,3698,192,16,2026-09-23,https://myacollection.com/products/kirki-skirt
ione-1,10657683439949,Ione Φούστα,ss26-sirens-skirts,Sirens · Skirts,1.18,Average,Steady,Established,11,no,4072,106,4,2026-09-23,https://myacollection.com/products/ione-1
sage-bodysuit,8668340683085,Sage Κορμάκι,archive-sale,Archive Sale,1.18,Average,Steady,Established,19,no,608,56,4,2026-09-23,https://myacollection.com/products/sage-bodysuit
seraphina-pants,10831770747213,Seraphina Pants,peonies-pants,Peonies · Pants,1.17,New,New,New,3,no,36,1,0,2026-09-23,https://myacollection.com/products/seraphina-pants
ferina-dress,10338806268237,Ferina Φόρεμα,archive-sale,Archive Sale,1.16,Average,Steady,Established,21,no,1179,10,0,2026-09-23,https://myacollection.com/products/ferina-dress
tiana-top,8585609249101,TIANA TOP,archive-sale,Archive Sale,1.16,New,New,New,20,yes,31,2,1,2026-09-23,https://myacollection.com/products/tiana-top
ariel-siren,10635955667277,Ariel Siren Τουρμπάνι Ροζ,ss26-sirens-accessories,Sirens · Accessories,1.15,Average,Rising,Established,5,no,967,26,3,2026-09-23,https://myacollection.com/products/ariel-siren
capri,10731571183949,Capri Φούστα,ss26-sirens-skirts,Sirens · Skirts,1.14,Average,New,Ramping,12,yes,3479,314,19,2026-09-23,https://myacollection.com/products/capri
irina-dress,10834091508045,Irina Dress,peonies-dress,Peonies · Dresses,1.14,New,New,New,19,no,1283,18,3,2026-09-23,https://myacollection.com/products/irina-dress
anwen-dress,10074215547213,Anwen Φόρεμα,archive-sale,Archive Sale,1.13,Average,Rising,Established,22,no,785,32,0,2026-09-23,https://myacollection.com/products/anwen-dress
maristella-cape,10831722840397,Oriane Pants,peonies-pants,Peonies · Pants,1.13,New,New,New,4,no,107,4,0,2026-09-23,https://myacollection.com/products/maristella-cape
elise,10664056750413,Elise Φόρεμα,ss26-sirens-dresses,Sirens · Dresses,1.12,Average,Rising,Established,17,yes,7589,124,5,2026-09-23,https://myacollection.com/products/elise
jessamine-pants,10831736045901,Jessamine Pants,peonies-pants,Peonies · Pants,1.12,New,New,New,5,no,50,2,0,2026-09-23,https://myacollection.com/products/jessamine-pants
elaria,10664754151757,Elaria Φόρεμα,ss26-sirens-dresses,Sirens · Dresses,1.11,Average,Steady,Established,18,no,6684,91,4,2026-09-23,https://myacollection.com/products/elaria
leonie-kimono,10833830773069,Leonie Kimono,peonies-kimono-dress,Peonies · Kimono dresses,1.11,New,New,New,3,no,744,12,3,2026-09-23,https://myacollection.com/products/leonie-kimono
mireya-dress,10833908760909,Mireya Dress,peonies-dress,Peonies · Dresses,1.11,New,New,New,20,no,1178,24,5,2026-09-23,https://myacollection.com/products/mireya-dress
asteria-dress,10563094708557,Asteria Φόρεμα,ss26-sirens-dresses,Sirens · Dresses,1.10,Average,Steady,Established,19,yes,6985,150,7,2026-09-23,https://myacollection.com/products/asteria-dress
cassidy-skirt,8669604151629,Cassidy Φούστα,archive-sale,Archive Sale,1.10,Average,Fading,Established,23,yes,950,4,1,2026-09-23,https://myacollection.com/products/cassidy-skirt
daria-cape,10831632204109,Daria  Cape,peonies-tops,Peonies · Tops,1.10,New,New,New,8,no,384,17,3,2026-09-23,https://myacollection.com/products/daria-cape
thalassa-dress,10563128525133,Thalassa Φόρεμα,ss26-sirens,Sirens SS26,1.10,Average,Fading,Established,69,yes,3268,0,0,2026-09-23,https://myacollection.com/products/thalassa-dress
nerina-dress,10814128783693,Nerina Dress,ss26-sirens,Sirens SS26,1.09,Average,New,Ramping,71,no,1149,35,1,2026-09-23,https://myacollection.com/products/nerina-dress
argenta-jumpsuit,10563172696397,Argenta Ολόσωμη φόρμα,ss26-sirens-jumpsuits,Sirens · Jumpsuits,1.08,Average,Fading,Established,4,yes,3840,0,0,2026-09-23,https://myacollection.com/products/argenta-jumpsuit
calypso-shirt-blue,10559144755533,Calypso Πουκάμισο γαλάζιο,ss26-sirens-tops,Sirens · Tops,1.07,Average,Fading,Established,15,yes,1768,52,3,2026-09-23,https://myacollection.com/products/calypso-shirt-blue
elyra-pants,10563246784845,Elyra Παντελόνα,ss26-sirens-pants,Sirens · Pants,1.06,Average,Steady,Established,2,no,2146,23,0,2026-09-23,https://myacollection.com/products/elyra-pants
ariel-siren-limited,10571427971405,Ariel Siren LIMITED Φόρεμα,ss26-sirens,Sirens SS26,1.05,Average,Fading,Established,77,yes,3470,14,1,2026-09-23,https://myacollection.com/products/ariel-siren-limited
nola-jumpsuit,10566211600717,Nola Ολόσωμη φόρμα,ss26-sirens-jumpsuits,Sirens · Jumpsuits,1.04,Average,Fading,Established,5,yes,4818,16,0,2026-09-23,https://myacollection.com/products/nola-jumpsuit
orlena,10633960587597,Orlena Φόρεμα,monochrome,Ρούχα Περίστασης (Occasion wear),1.04,Average,Fading,Established,13,yes,3663,0,0,2026-09-23,https://myacollection.com/products/orlena
obsidian-dress,10388244529485,Obsidian Φόρεμα,archive-sale,Archive Sale,1.03,Average,Steady,Established,24,no,1083,6,0,2026-09-23,https://myacollection.com/products/obsidian-dress
shona-pants,10564789961037,Shona Παντελόνα,ss26-sirens-pants,Sirens · Pants,1.03,Average,Steady,Established,3,no,2403,45,2,2026-09-23,https://myacollection.com/products/shona-pants
elettra-dress,10834705842509,Elettra Dress,peonies-dress,Peonies · Dresses,1.02,New,New,New,21,no,808,13,0,2026-09-23,https://myacollection.com/products/elettra-dress
nerissa-kimono-blue,10559203049805,Nerissa Κιμονό μπλε,ss26-sirens-kimono-dresses,Sirens · Kimono dresses,1.02,Average,Steady,Established,9,yes,3085,29,2,2026-09-23,https://myacollection.com/products/nerissa-kimono-blue
nai-dress,10563110994253,Nai Φόρεμα,ss26-sirens,Sirens SS26,1.01,Average,Fading,Established,83,yes,4669,0,0,2026-09-23,https://myacollection.com/products/nai-dress
althea-skirt,10833805377869,Althea  Skirt,peonies-skirts,Peonies · Skirts,1.00,New,New,New,5,no,362,4,0,2026-09-23,https://myacollection.com/products/althea-skirt
aria-kimono,10564825186637,Aria Κιμονό,ss26-sirens-kimono-dresses,Sirens · Kimono dresses,1.00,Average,Fading,Established,10,yes,4029,8,2,2026-09-23,https://myacollection.com/products/aria-kimono
leontine-jumsuit,10834723045709,Leontine Jumsuit,peonies-jumpsuits,Peonies · Jumpsuits,1.00,New,New,New,3,no,698,9,1,2026-09-23,https://myacollection.com/products/leontine-jumsuit
maristelle-dress,10833922490701,Maristelle Dress,peonies-dress,Peonies · Dresses,0.99,New,New,New,24,no,1100,15,2,2026-09-23,https://myacollection.com/products/maristelle-dress
petra-dress,10834711085389,Petra Dress,peonies-dress,Peonies · Dresses,0.99,New,New,New,23,no,464,5,0,2026-09-23,https://myacollection.com/products/petra-dress
reina-dress-1,10834071912781,Reina Dress,peonies-dress,Peonies · Dresses,0.99,New,New,New,22,no,1046,18,3,2026-09-23,https://myacollection.com/products/reina-dress-1
serina,10633912582477,Serina Φόρεμα,ss26-sirens,Sirens SS26,0.99,Average,Fading,Established,88,yes,4608,28,2,2026-09-23,https://myacollection.com/products/serina
verona-dress,10834089836877,Verona Dress,peonies-dress,Peonies · Dresses,0.99,New,New,New,25,no,1030,22,2,2026-09-23,https://myacollection.com/products/verona-dress
argenta-kimono,10563359539533,Argenta Κιμονό,ss26-sirens-kimono-dresses,Sirens · Kimono dresses,0.98,Average,Steady,Established,11,yes,3102,8,0,2026-09-23,https://myacollection.com/products/argenta-kimono
elowen-top-1,10831615459661,Vespera Top,peonies-tops,Peonies · Tops,0.98,New,New,New,9,no,65,4,0,2026-09-23,https://myacollection.com/products/elowen-top-1
ciela-dress,10833959190861,Ciela Dress,peonies-dress,Peonies · Dresses,0.97,New,New,New,26,no,1061,9,1,2026-09-23,https://myacollection.com/products/ciela-dress
oriana-dress,10907702198605,Oriana Dress,peonies-dress,Peonies · Dresses,0.97,New,New,New,27,no,58,0,0,2026-09-23,https://myacollection.com/products/oriana-dress
electra-dress,10584479564109,Electra Φόρεμα,ss26-sirens-dresses,Sirens · Dresses,0.96,Average,Steady,Established,20,yes,6501,116,8,2026-09-23,https://myacollection.com/products/electra-dress
mya-top,10831714812237,Mya Shirt,peonies-tops,Peonies · Tops,0.96,New,New,New,10,no,69,3,1,2026-09-23,https://myacollection.com/products/mya-top
bindi-dress,8935675756877,Bindi Dress,archive-sale,Archive Sale,0.95,New,New,New,25,yes,540,18,2,2026-09-23,https://myacollection.com/products/bindi-dress
eulalia-skirt,10833806360909,Eulalia Skirt,peonies-skirts,Peonies · Skirts,0.95,New,New,New,6,no,298,7,0,2026-09-23,https://myacollection.com/products/eulalia-skirt
natel,10847193203021,Natel Φόρεμα,monochrome,Ρούχα Περίστασης (Occasion wear),0.95,New,New,New,14,no,62,0,0,2026-09-23,https://myacollection.com/products/natel
rayne-pants,10564908613965,Rayne Παντελόνα,ss26-sirens-pants,Sirens · Pants,0.95,Average,Fading,Established,4,yes,2358,2,0,2026-09-23,https://myacollection.com/products/rayne-pants
eris-dress,10566174114125,Eris Φόρεμα,ss26-sirens,Sirens SS26,0.94,Average,Steady,Established,94,yes,3586,72,6,2026-09-23,https://myacollection.com/products/eris-dress
meline,10634114826573,Meline Φόρεμα,monochrome,Ρούχα Περίστασης (Occasion wear),0.94,Average,Steady,Established,15,no,1597,2,0,2026-09-23,https://myacollection.com/products/meline
orlaya,10641862000973,Orlaya Τοπ,ss26-sirens-tops,Sirens · Tops,0.94,Average,Fading,Established,16,yes,1827,0,0,2026-09-23,https://myacollection.com/products/orlaya
sienna-copy,10697387508045,Patricia Τοπ,ss26-sirens-tops,Sirens · Tops,0.94,Average,Rising,Established,17,no,2028,52,3,2026-09-23,https://myacollection.com/products/sienna-copy
pink-underdress-long,10078634836301,Pink Underdress Long,underdress,Peonies · Underdress,0.94,Average,Fading,Established,2,no,1630,59,6,2026-09-23,https://myacollection.com/products/pink-underdress-long
aurelia-kids,10703235547469,Aurelia Kids Φόρεμα,ss26-sirens-kids,Sirens · Kids,0.93,Average,Rising,Established,7,yes,641,6,1,2026-09-23,https://myacollection.com/products/aurelia-kids
ismerie-dress,10833894801741,Ismerie Dress,peonies-dress,Peonies · Dresses,0.93,New,New,New,28,no,1039,12,0,2026-09-23,https://myacollection.com/products/ismerie-dress
oceane-jumpsuit,10563149726029,Oceane Ολόσωμη φόρμα,ss26-sirens-jumpsuits,Sirens · Jumpsuits,0.93,Average,Steady,Established,6,yes,3272,62,3,2026-09-23,https://myacollection.com/products/oceane-jumpsuit
auralis-dress,10525164896589,Auralis Πουκάμισο,archive-sale,Archive Sale,0.92,Average,Rising,Established,26,yes,571,68,4,2026-09-23,https://myacollection.com/products/auralis-dress
eira-limited-1,10833965449549,Eira LIMITED,peonies-dress,Peonies · Dresses,0.92,New,New,New,29,no,1009,8,3,2026-09-23,https://myacollection.com/products/eira-limited-1
maelle-skirt,10831789752653,Maelle Skirt,peonies-skirts,Peonies · Skirts,0.92,New,New,New,7,no,230,10,0,2026-09-23,https://myacollection.com/products/maelle-skirt
vespera-skirt,10833797644621,Vespera  Skirt,peonies-skirts,Peonies · Skirts,0.92,New,New,New,8,no,79,1,0,2026-09-23,https://myacollection.com/products/vespera-skirt
amorette-dress,10833895883085,Amorette Dress,peonies-dress,Peonies · Dresses,0.91,New,New,New,30,no,917,21,0,2026-09-23,https://myacollection.com/products/amorette-dress
indira-top,10563199992141,Indira Τοπ,ss26-sirens-tops,Sirens · Tops,0.91,Average,Fading,Established,18,yes,1918,0,0,2026-09-23,https://myacollection.com/products/indira-top
lottie-skirt,10222371340621,Lottie Skirt,archive-sale,Archive Sale,0.91,New,New,New,27,yes,79,5,1,2026-09-23,https://myacollection.com/products/lottie-skirt
copy-copy-72,10633888858445,Nymia Φόρεμα,monochrome,Ρούχα Περίστασης (Occasion wear),0.91,Average,Steady,Established,16,no,2418,62,5,2026-09-23,https://myacollection.com/products/copy-copy-72
solea,10740788068685,Solea Φούστα,ss26-sirens-skirts,Sirens · Skirts,0.91,Average,New,Ramping,13,no,1956,94,3,2026-09-23,https://myacollection.com/products/solea
ioli,10728698184013,Ioli Φόρεμα,ss26-sirens-dresses,Sirens · Dresses,0.90,Average,New,Ramping,21,no,6327,46,1,2026-09-23,https://myacollection.com/products/ioli
maristella-cape-1,10834734645581,Maristella Cape,peonies-tops,Peonies · Tops,0.90,New,New,New,11,no,283,6,1,2026-09-23,https://myacollection.com/products/maristella-cape-1
solea-1,10740803436877,Solea Τοπ,ss26-sirens-tops,Sirens · Tops,0.90,Average,New,Ramping,19,no,1372,82,5,2026-09-23,https://myacollection.com/products/solea-1
calyra-dress,10563075998029,Calyra Φόρεμα,ss26-sirens-dresses,Sirens · Dresses,0.89,Average,Fading,Established,22,yes,5681,47,5,2026-09-23,https://myacollection.com/products/calyra-dress
dolon-dress,9101691617613,Dolon Dress,archive-sale,Archive Sale,0.89,New,New,New,29,no,86,1,0,2026-09-23,https://myacollection.com/products/dolon-dress
floridita-skirt,4505870073955,FLORIDITA SKIRT,archive-sale,Archive Sale,0.89,New,New,New,28,no,118,4,0,2026-09-23,https://myacollection.com/products/floridita-skirt
faline-dress,10833966629197,Faline Dress,peonies-dress,Peonies · Dresses,0.89,New,New,New,31,no,997,5,0,2026-09-23,https://myacollection.com/products/faline-dress
thirea,10633937944909,Thirea Φόρεμα,monochrome,Ρούχα Περίστασης (Occasion wear),0.89,Average,Fading,Established,17,no,2947,11,1,2026-09-23,https://myacollection.com/products/thirea
amelie-kids-set,10700490932557,Amelie Kids Set,ss26-sirens-kids,Sirens · Kids,0.88,Average,Rising,Established,8,yes,499,7,0,2026-09-23,https://myacollection.com/products/amelie-kids-set
aster-kimono,10559208358221,Aster Κιμονό,ss26-sirens-kimono-dresses,Sirens · Kimono dresses,0.88,Average,Steady,Established,12,yes,3754,22,0,2026-09-23,https://myacollection.com/products/aster-kimono
dalia,10731582325069,Dalia Τουρμπάνι,ss26-sirens-accessories,Sirens · Accessories,0.88,Average,New,Ramping,7,yes,886,18,2,2026-09-23,https://myacollection.com/products/dalia
elowen-skirt-1,10833793253709,Elowen  Skirt,peonies-skirts,Peonies · Skirts,0.88,New,New,New,9,no,99,2,0,2026-09-23,https://myacollection.com/products/elowen-skirt-1
maelle-top,10831601533261,Maelle Top,peonies-tops,Peonies · Tops,0.88,New,New,New,12,no,119,12,0,2026-09-23,https://myacollection.com/products/maelle-top
thalia-dress,10563095920973,Thalia Φόρεμα,ss26-sirens,Sirens SS26,0.88,Average,Steady,Established,99,yes,3106,14,0,2026-09-23,https://myacollection.com/products/thalia-dress
valeria-kimono,10833826283853,Valeria Kimono,peonies-kimono-dress,Peonies · Kimono dresses,0.88,New,New,New,4,no,533,10,0,2026-09-23,https://myacollection.com/products/valeria-kimono
copy-copy-73,10633890300237,Velina Φόρεμα,ss26-sirens,Sirens SS26,0.88,Average,Steady,Established,98,yes,3514,125,7,2026-09-23,https://myacollection.com/products/copy-copy-73
aveline-top-1,10831558803789,Aveline Top,peonies-tops,Peonies · Tops,0.87,New,New,New,13,no,111,9,1,2026-09-23,https://myacollection.com/products/aveline-top-1
calista-top,10831609299277,Calista Top,peonies-tops,Peonies · Tops,0.87,New,New,New,15,no,207,12,1,2026-09-23,https://myacollection.com/products/calista-top
cassia-top,10831707406669,Cassia Top,peonies-tops,Peonies · Tops,0.87,New,New,New,14,no,114,7,1,2026-09-23,https://myacollection.com/products/cassia-top
ivoria-dress,10332606890317,Ivoria Φόρεμα,archive-sale,Archive Sale,0.87,Average,Fading,Established,30,yes,625,12,1,2026-09-23,https://myacollection.com/products/ivoria-dress
sabine-kimono,10833829331277,Sabine Kimono,peonies-kimono-dress,Peonies · Kimono dresses,0.87,New,New,New,5,no,531,8,1,2026-09-23,https://myacollection.com/products/sabine-kimono
cloe-dress,10566161531213,Cloe Φόρεμα,ss26-sirens,Sirens SS26,0.86,Average,Fading,Established,100,yes,3186,57,4,2026-09-23,https://myacollection.com/products/cloe-dress
elara-top,10831695315277,Elara Top,peonies-tops,Peonies · Tops,0.86,New,New,New,16,no,222,10,1,2026-09-23,https://myacollection.com/products/elara-top
evania-top,10831701770573,Evania Top,peonies-tops,Peonies · Tops,0.86,New,New,New,17,no,131,11,2,2026-09-23,https://myacollection.com/products/evania-top
debbie-pants,10564787011917,Debbie Παντελόνα,ss26-sirens-pants,Sirens · Pants,0.85,Average,Rising,Established,5,no,1455,42,2,2026-09-23,https://myacollection.com/products/debbie-pants
eira-dress-1,10833964007757,Eira Dress,peonies-dress,Peonies · Dresses,0.85,New,New,New,32,no,539,9,2,2026-09-23,https://myacollection.com/products/eira-dress-1
elowen-top,10831611429197,Elowen Top,peonies-tops,Peonies · Tops,0.85,New,New,New,18,no,255,5,0,2026-09-23,https://myacollection.com/products/elowen-top
elyra-top,10563231154509,Elyra Τοπ,ss26-sirens-tops,Sirens · Tops,0.85,Average,Fading,Established,20,no,1849,43,0,2026-09-23,https://myacollection.com/products/elyra-top
gold-underdress-long-1,10566350635341,Gold Underdress Long,underdress,Peonies · Underdress,0.85,Average,Rising,Established,3,no,1142,67,8,2026-09-23,https://myacollection.com/products/gold-underdress-long-1
aveline-skirt,10831781691725,Aveline Skirt,peonies-skirts,Peonies · Skirts,0.84,New,New,New,10,no,171,4,1,2026-09-23,https://myacollection.com/products/aveline-skirt
irida-kimono,10730818896205,Irida Κιμονό,ss26-sirens-kimono-dresses,Sirens · Kimono dresses,0.84,Average,New,Ramping,13,yes,3815,24,1,2026-09-23,https://myacollection.com/products/irida-kimono
oriane-top,10831663268173,Oriane Top,peonies-tops,Peonies · Tops,0.84,New,New,New,19,no,126,5,0,2026-09-23,https://myacollection.com/products/oriane-top
arina-dress,6728686010467,ARINA DRESS,archive-sale,Archive Sale,0.83,New,New,New,31,no,106,1,0,2026-09-23,https://myacollection.com/products/arina-dress
melisande-top,10831618048333,Althea Top,peonies-tops,Peonies · Tops,0.83,New,New,New,20,no,138,4,1,2026-09-23,https://myacollection.com/products/melisande-top
calypso-pants,10559196856653,Calypso Παντελόνα,ss26-sirens-pants,Sirens · Pants,0.83,Average,Steady,Established,6,yes,1288,16,1,2026-09-23,https://myacollection.com/products/calypso-pants
nerissa-kids,10703250948429,Nerissa Kids Μπλε Κιμονό,ss26-sirens-kids,Sirens · Kids,0.83,Average,Fading,Established,9,no,601,5,0,2026-09-23,https://myacollection.com/products/nerissa-kids
rafaela-jumsuit,10834723832141,Rafaela Jumsuit,peonies-jumpsuits,Peonies · Jumpsuits,0.83,New,New,New,4,no,524,6,0,2026-09-23,https://myacollection.com/products/rafaela-jumsuit
zinnia-cape,10834735432013,Zinnia Cape,peonies-tops,Peonies · Tops,0.83,New,New,New,21,no,192,4,0,2026-09-23,https://myacollection.com/products/zinnia-cape
celeste-dress-1,10847613124941,Celeste Dress,peonies-dress,Peonies · Dresses,0.82,New,New,New,33,no,544,4,0,2026-09-23,https://myacollection.com/products/celeste-dress-1
jessica-top,8155052146969,JESSICA TOP,archive-sale,Archive Sale,0.82,New,New,New,32,no,117,6,0,2026-09-23,https://myacollection.com/products/jessica-top
zelie-cape-1,10831669330253,Zelie Cape,peonies-tops,Peonies · Tops,0.82,New,New,New,22,no,225,1,0,2026-09-23,https://myacollection.com/products/zelie-cape-1
odessa-dress,10834099208525,Odessa Dress,peonies-dress,Peonies · Dresses,0.81,New,New,New,34,no,806,14,0,2026-09-23,https://myacollection.com/products/odessa-dress
gloria-dress,8171401183513,Gloria Dress,archive-sale,Archive Sale,0.80,New,New,New,33,yes,124,1,0,2026-09-23,https://myacollection.com/products/gloria-dress
lysandra-skirt,10833814716749,Lysandra Skirt,peonies-skirts,Peonies · Skirts,0.80,New,New,New,11,no,186,0,0,2026-09-23,https://myacollection.com/products/lysandra-skirt
sereia-kimono,10833841258829,Sereia Kimono,peonies-kimono-dress,Peonies · Kimono dresses,0.80,New,New,New,6,no,461,6,1,2026-09-23,https://myacollection.com/products/sereia-kimono
leonora-cape,10831717695821,Leonora Cape,peonies-tops,Peonies · Tops,0.79,New,New,New,23,no,190,1,0,2026-09-23,https://myacollection.com/products/leonora-cape
monique-kimono,10566047891789,Monique Κιμονό,ss26-sirens-kimono-dresses,Sirens · Kimono dresses,0.79,Average,Fading,Established,14,yes,3169,6,1,2026-09-23,https://myacollection.com/products/monique-kimono
virelia-dress,10847552897357,Virelia Dress,peonies-dress,Peonies · Dresses,0.79,New,New,New,35,no,849,6,2,2026-09-23,https://myacollection.com/products/virelia-dress
zaria-jumpsuit,10563145236813,Zaria Ολόσωμη φόρμα,ss26-sirens-jumpsuits,Sirens · Jumpsuits,0.79,Average,Rising,Established,7,yes,2725,51,2,2026-09-23,https://myacollection.com/products/zaria-jumpsuit
sorelia-dress,10833926947149,Sorelia Dress,peonies-dress,Peonies · Dresses,0.78,New,New,New,36,no,217,4,0,2026-09-23,https://myacollection.com/products/sorelia-dress
zafira-dress,10833902534989,Zafira Dress,peonies-dress,Peonies · Dresses,0.78,New,New,New,37,no,705,20,1,2026-09-23,https://myacollection.com/products/zafira-dress
lina-skirt,10238244094285,Lina Φούστα,archive-sale,Archive Sale,0.77,Average,Steady,Established,34,yes,601,24,1,2026-09-23,https://myacollection.com/products/lina-skirt
oriella-kimono,10833820385613,Oriella Kimono,peonies-kimono-dress,Peonies · Kimono dresses,0.77,New,New,New,7,no,397,9,1,2026-09-23,https://myacollection.com/products/oriella-kimono
patricia,10697411199309,Patricia Φόρεμα,ss26-sirens,Sirens SS26,0.77,Average,Rising,Established,106,yes,3495,96,4,2026-09-23,https://myacollection.com/products/patricia
isabella,10710401483085,Isabella Φούστα,ss26-sirens-skirts,Sirens · Skirts,0.76,Average,Rising,Established,14,no,2235,50,2,2026-09-23,https://myacollection.com/products/isabella
angelica-dress,6552849907811,Angelica Dress,archive-sale,Archive Sale,0.75,New,New,New,35,yes,192,0,0,2026-09-23,https://myacollection.com/products/angelica-dress
gaia-jumpsuit,10563135537485,Gaia Ολόσωμη φόρμα,ss26-sirens-jumpsuits,Sirens · Jumpsuits,0.75,Average,Steady,Established,8,no,2809,63,5,2026-09-23,https://myacollection.com/products/gaia-jumpsuit
copy-2,10588786295117,Linus Φόρεμα,ss26-sirens-dresses,Sirens · Dresses,0.75,Average,Fading,Established,23,yes,6068,92,5,2026-09-23,https://myacollection.com/products/copy-2
lyla-top,10563222045005,Lyla Τοπ,ss26-sirens-tops,Sirens · Tops,0.75,Average,Steady,Established,21,no,1281,58,2,2026-09-23,https://myacollection.com/products/lyla-top
amara-skirt,10238252286285,Amara Φούστα,archive-sale,Archive Sale,0.74,Average,Fading,Established,36,yes,669,0,0,2026-09-23,https://myacollection.com/products/amara-skirt
annelise-dress,10863625961805,Annelise Dress,peonies-dress,Peonies · Dresses,0.73,New,New,New,38,no,607,22,4,2026-09-23,https://myacollection.com/products/annelise-dress
menda-dress,10566167626061,Menda Φόρεμα,ss26-sirens,Sirens SS26,0.72,Average,Fading,Established,110,yes,3291,28,1,2026-09-23,https://myacollection.com/products/menda-dress
mirabelle-kids,10703240692045,Mirabelle Kids Φόρεμα,ss26-sirens-kids,Sirens · Kids,0.72,Average,Steady,Established,10,yes,616,6,2,2026-09-23,https://myacollection.com/products/mirabelle-kids
zafrina-dress,10834733793613,Zafrina Dress,peonies-dress,Peonies · Dresses,0.72,New,New,New,39,no,686,7,1,2026-09-23,https://myacollection.com/products/zafrina-dress
eve-jumpsuit,10566210683213,Eve Ολόσωμη φόρμα,ss26-sirens-jumpsuits,Sirens · Jumpsuits,0.71,Average,Fading,Established,9,no,2843,26,0,2026-09-23,https://myacollection.com/products/eve-jumpsuit
indy-top,10563435102541,Indy Τοπ,ss26-sirens-tops,Sirens · Tops,0.71,Average,Fading,Established,22,yes,1665,0,0,2026-09-23,https://myacollection.com/products/indy-top
isabellatop,10710406005069,Isabella Τοπ,ss26-sirens-tops,Sirens · Tops,0.71,Average,Rising,Established,23,no,1220,49,3,2026-09-23,https://myacollection.com/products/isabellatop
eirys-skirt,10563065413965,Eirys Skirt,ss26-sirens-skirts,Sirens · Skirts,0.70,Average,Fading,Established,15,yes,2016,2,1,2026-09-23,https://myacollection.com/products/eirys-skirt
layered-silver-1,10663946092877,Layered Silver Κολιέ,ss26-sirens-accessories,Sirens · Accessories,0.70,Average,Rising,Established,8,yes,611,32,4,2026-09-23,https://myacollection.com/products/layered-silver-1
aviana-limited,10833951162701,Aviana LIMITED,peonies-dress,Peonies · Dresses,0.69,New,New,New,40,no,616,8,1,2026-09-23,https://myacollection.com/products/aviana-limited
ione-2,10710363537741,Ione Φόρεμα,ss26-sirens-dresses,Sirens · Dresses,0.69,Average,Rising,Established,24,no,5338,21,0,2026-09-23,https://myacollection.com/products/ione-2
katia-jumsuit,10834722324813,Katia Jumsuit,peonies-jumpsuits,Peonies · Jumpsuits,0.69,New,New,New,5,no,347,2,0,2026-09-23,https://myacollection.com/products/katia-jumsuit
stella-kimono,10564824432973,Stella Κιμονό,ss26-sirens-kimono-dresses,Sirens · Kimono dresses,0.69,Average,Steady,Established,15,no,2495,29,2,2026-09-23,https://myacollection.com/products/stella-kimono
cressida-dress,10833916559693,Cressida Dress,peonies-dress,Peonies · Dresses,0.68,New,New,New,41,no,616,10,1,2026-09-23,https://myacollection.com/products/cressida-dress
melin-dress,10566165102925,Melin Φόρεμα,ss26-sirens-dresses,Sirens · Dresses,0.68,Average,Fading,Established,25,yes,4266,16,1,2026-09-23,https://myacollection.com/products/melin-dress
nora-1,10758774489421,Nora Φούστα,ss26-sirens-skirts,Sirens · Skirts,0.68,Average,New,Ramping,16,yes,1648,68,4,2026-09-23,https://myacollection.com/products/nora-1
zoe-cape,10563437789517,Zoe Κάπα,ss26-sirens-tops,Sirens · Tops,0.66,Average,Fading,Established,24,yes,1297,10,1,2026-09-23,https://myacollection.com/products/zoe-cape
aria-skirt-1,10563312714061,Aria Skirt,ss26-sirens-skirts,Sirens · Skirts,0.65,Average,Fading,Established,17,no,2041,65,0,2026-09-23,https://myacollection.com/products/aria-skirt-1
leandra-limited,10833979244877,Leandra LIMITED,peonies-dress,Peonies · Dresses,0.65,New,New,New,42,no,583,6,1,2026-09-23,https://myacollection.com/products/leandra-limited
samara-dress,10834074337613,Samara Dress,peonies-dress,Peonies · Dresses,0.65,New,New,New,43,no,650,1,0,2026-09-23,https://myacollection.com/products/samara-dress
vionae-dress,10336362463565,Vionae Κιμονό φόρεμα,archive-sale,Archive Sale,0.65,Average,Fading,Established,37,yes,775,0,0,2026-09-23,https://myacollection.com/products/vionae-dress
camelia,10663947960653,Camelia Φόρεμα,ss26-sirens-dresses,Sirens · Dresses,0.64,Average,Rising,Established,26,no,3911,94,1,2026-09-23,https://myacollection.com/products/camelia
freya-dress,10834090557773,Freya Dress,peonies-dress,Peonies · Dresses,0.64,New,New,New,45,no,526,7,2,2026-09-23,https://myacollection.com/products/freya-dress
mirea-dress,10833985175885,Mirea Dress,peonies-dress,Peonies · Dresses,0.64,New,New,New,44,no,179,2,0,2026-09-23,https://myacollection.com/products/mirea-dress
aura,10633856221517,Aura Φόρεμα,ss26-sirens-dresses,Sirens · Dresses,0.63,Average,Fading,Established,27,no,4354,24,0,2026-09-23,https://myacollection.com/products/aura
marceline,10786231877965,Marceline Φόρεμα,ss26-sirens-dresses,Sirens · Dresses,0.63,Average,New,Ramping,28,no,2561,43,0,2026-09-23,https://myacollection.com/products/marceline
shona-kimono,10564823515469,Shona Κιμονό,ss26-sirens-kimono-dresses,Sirens · Kimono dresses,0.63,Average,Steady,Established,16,yes,2703,53,3,2026-09-23,https://myacollection.com/products/shona-kimono
sierra-dress-1,10566111854925,Sierra Φόρεμα,ss26-sirens,Sirens SS26,0.63,Average,Fading,Established,119,yes,2836,12,2,2026-09-23,https://myacollection.com/products/sierra-dress-1
alina-kids,10703246393677,Alina Kids Φόρεμα,ss26-sirens-kids,Sirens · Kids,0.62,Average,Rising,Established,11,yes,387,6,0,2026-09-23,https://myacollection.com/products/alina-kids
aviana-dress,10833949294925,Aviana Dress,peonies-dress,Peonies · Dresses,0.62,New,New,New,50,no,450,7,0,2026-09-23,https://myacollection.com/products/aviana-dress
evadne-dress,10847616008525,Evadne Dress,peonies-dress,Peonies · Dresses,0.62,New,New,New,46,no,576,0,0,2026-09-23,https://myacollection.com/products/evadne-dress
jolie-dress-1,10834092753229,Jolie Dress,peonies-dress,Peonies · Dresses,0.62,New,New,New,48,no,537,4,1,2026-09-23,https://myacollection.com/products/jolie-dress-1
lavinia-dress-1,10833890148685,Lavinia Dress,peonies-dress,Peonies · Dresses,0.62,New,New,New,49,no,539,5,0,2026-09-23,https://myacollection.com/products/lavinia-dress-1
novalie-dress,10833931174221,Novalie Dress,peonies-dress,Peonies · Dresses,0.62,New,New,New,47,no,206,3,0,2026-09-23,https://myacollection.com/products/novalie-dress
azelie-dress,10833853940045,Azélie Dress,peonies-dress,Peonies · Dresses,0.61,New,New,New,51,no,426,5,1,2026-09-23,https://myacollection.com/products/azelie-dress
ione,10657672266061,Ione Τοπ,ss26-sirens-tops,Sirens · Tops,0.61,Average,Rising,Established,25,no,940,103,5,2026-09-23,https://myacollection.com/products/ione
ismini-1,10745646252365,Ismini Φούστα,ss26-sirens-skirts,Sirens · Skirts,0.61,Average,New,Ramping,19,no,1349,71,3,2026-09-23,https://myacollection.com/products/ismini-1
orlaya-2,10641906958669,Orlaya Φούστα Ροζ,ss26-sirens-skirts,Sirens · Skirts,0.61,Average,Fading,Established,18,yes,2264,37,0,2026-09-23,https://myacollection.com/products/orlaya-2
elyra-dress,10563404235085,Elyra Φόρεμα,ss26-sirens-dresses,Sirens · Dresses,0.60,Average,Fading,Established,30,yes,3912,56,1,2026-09-23,https://myacollection.com/products/elyra-dress
inessa-dress,10833969807693,Inessa Dress,peonies-dress,Peonies · Dresses,0.60,New,New,New,52,no,382,8,2,2026-09-23,https://myacollection.com/products/inessa-dress
mirea-limited,10833998643533,Mirea LIMITED,peonies-dress,Peonies · Dresses,0.60,New,New,New,55,no,443,3,1,2026-09-23,https://myacollection.com/products/mirea-limited
nefeli,10728541159757,Nefeli Φόρεμα,ss26-sirens-dresses,Sirens · Dresses,0.60,Average,New,Ramping,29,no,3741,58,2,2026-09-23,https://myacollection.com/products/nefeli
odelia-dress-1,10833920721229,Odelia Dress,peonies-dress,Peonies · Dresses,0.60,New,New,New,53,no,394,7,1,2026-09-23,https://myacollection.com/products/odelia-dress-1
talia-dress-1,10834083283277,Talia Dress,peonies-dress,Peonies · Dresses,0.60,New,New,New,54,no,261,5,0,2026-09-23,https://myacollection.com/products/talia-dress-1
kiara-dress,10834094031181,Kiara Dress,peonies-dress,Peonies · Dresses,0.59,New,New,New,56,yes,309,6,1,2026-09-23,https://myacollection.com/products/kiara-dress
aria-top-1,10563232760141,Aria Τοπ,ss26-sirens-tops,Sirens · Tops,0.58,Average,Fading,Established,27,no,1141,44,0,2026-09-23,https://myacollection.com/products/aria-top-1
calypso-top-blue,10559164318029,Calypso Τοπ γαλάζιο,ss26-sirens-tops,Sirens · Tops,0.58,Average,Fading,Established,26,yes,959,24,3,2026-09-23,https://myacollection.com/products/calypso-top-blue
livia-jumpsuit,10563137044813,Livia Ολόσωμη φόρμα,ss26-sirens-jumpsuits,Sirens · Jumpsuits,0.58,Average,Steady,Established,10,yes,2017,29,3,2026-09-23,https://myacollection.com/products/livia-jumpsuit
malina-dress,10834710036813,Malina Dress,peonies-dress,Peonies · Dresses,0.58,New,New,New,60,no,353,3,0,2026-09-23,https://myacollection.com/products/malina-dress
copy-copy-79,10833934483789,Novalie LIMITED,peonies-dress,Peonies · Dresses,0.58,New,New,New,61,no,293,2,0,2026-09-23,https://myacollection.com/products/copy-copy-79
orietta-dress,10833897455949,Orietta Dress,peonies-dress,Peonies · Dresses,0.58,New,New,New,58,no,277,3,1,2026-09-23,https://myacollection.com/products/orietta-dress
pink-underdress,8936687141197,Pink Underdress,underdress,Peonies · Underdress,0.58,Average,Steady,Established,4,no,855,76,7,2026-09-23,https://myacollection.com/products/pink-underdress
faline-dress-copy,10847566528845,Rosalie Dress,peonies-dress,Peonies · Dresses,0.58,New,New,New,59,no,362,2,0,2026-09-23,https://myacollection.com/products/faline-dress-copy
vianne-dress,10833912070477,Vianne Dress,peonies-dress,Peonies · Dresses,0.58,New,New,New,57,no,355,3,0,2026-09-23,https://myacollection.com/products/vianne-dress
viora,10636342690125,Viora Φόρεμα,ss26-sirens,Sirens SS26,0.58,Average,Steady,Established,125,no,2091,40,2,2026-09-23,https://myacollection.com/products/viora
aegea-dress,10563131900237,Aegea Φόρεμα,ss26-sirens-dresses,Sirens · Dresses,0.57,Average,Fading,Established,32,yes,4231,22,3,2026-09-23,https://myacollection.com/products/aegea-dress
aurelle,10637297090893,Aurelle Φόρεμα,ss26-sirens-dresses,Sirens · Dresses,0.57,Average,Rising,Established,31,no,2700,79,8,2026-09-23,https://myacollection.com/products/aurelle
eloise-dress-1,10850840478029,Eloise Dress,peonies-dress,Peonies · Dresses,0.57,New,New,New,65,no,281,0,0,2026-09-23,https://myacollection.com/products/eloise-dress-1
iliana-dress,10248477278541,Iliana Dress,archive-sale,Archive Sale,0.57,Average,Fading,Established,38,yes,295,7,0,2026-09-23,https://myacollection.com/products/iliana-dress
kiara-limited,10834095440205,Kiara LIMITED,peonies-dress,Peonies · Dresses,0.57,New,New,New,62,yes,365,3,0,2026-09-23,https://myacollection.com/products/kiara-limited
leandra-dress-1,10833971741005,Leandra Dress,peonies-dress,Peonies · Dresses,0.57,New,New,New,66,no,339,1,0,2026-09-23,https://myacollection.com/products/leandra-dress-1
lyla-skirt,10563307635021,Lyla Skirt,ss26-sirens-skirts,Sirens · Skirts,0.57,Average,Fading,Established,20,no,1538,91,2,2026-09-23,https://myacollection.com/products/lyla-skirt
sorelia-limited,10833928782157,Sorelia LIMITED,peonies-dress,Peonies · Dresses,0.57,New,New,New,64,no,319,3,1,2026-09-23,https://myacollection.com/products/sorelia-limited
tessa-dress,10834101633357,Tessa Dress,peonies-dress,Peonies · Dresses,0.57,New,New,New,63,no,370,4,1,2026-09-23,https://myacollection.com/products/tessa-dress
tessa-limited,10834115395917,Tessa LIMITED,peonies-dress,Peonies · Dresses,0.57,New,New,New,67,no,307,1,0,2026-09-23,https://myacollection.com/products/tessa-limited
byron-dress,10566130303309,Byron Φόρεμα,ss26-sirens,Sirens SS26,0.56,Average,Fading,Established,129,yes,2682,8,1,2026-09-23,https://myacollection.com/products/byron-dress
elyra-body,10563024912717,Elyra Κορμάκι,ss26-sirens-tops,Sirens · Tops,0.56,Average,Fading,Established,28,no,1066,33,1,2026-09-23,https://myacollection.com/products/elyra-body
midas-dress,10566098714957,Midas Φόρεμα,ss26-sirens,Sirens SS26,0.56,Average,Fading,Established,127,yes,2333,8,0,2026-09-23,https://myacollection.com/products/midas-dress
carmine-dress,10074213515597,Carmine Φόρεμα,archive-sale,Archive Sale,0.55,Average,Steady,Established,39,yes,525,20,3,2026-09-23,https://myacollection.com/products/carmine-dress
s26-5048,10559098978637,Ariel Siren Φόρεμα ροζ,ss26-sirens-dresses,Sirens · Dresses,0.54,Average,Fading,Established,33,yes,3979,60,5,2026-09-23,https://myacollection.com/products/s26-5048
turban,10635926929741,Ariel Siren Τουρμπάνι Μπλε,ss26-sirens-accessories,Sirens · Accessories,0.53,Average,Steady,Established,9,yes,368,20,2,2026-09-23,https://myacollection.com/products/turban
indira-skirt,10563304816973,Indira Skirt,ss26-sirens-skirts,Sirens · Skirts,0.53,Average,Fading,Established,21,no,1345,6,0,2026-09-23,https://myacollection.com/products/indira-skirt
irida-top,10730927784269,Irida Τοπ,ss26-sirens-tops,Sirens · Tops,0.53,Average,New,Ramping,29,no,609,52,2,2026-09-23,https://myacollection.com/products/irida-top
luxe-dress,10388197507405,Luxe Φόρεμα,archive-sale,Archive Sale,0.52,Average,Rising,Established,41,no,391,2,0,2026-09-23,https://myacollection.com/products/luxe-dress
lyra-top,10237854777677,Lyra Τοπ,archive-sale,Archive Sale,0.52,Average,Fading,Established,40,yes,437,0,0,2026-09-23,https://myacollection.com/products/lyra-top
calypso-shirt-pink,10559193186637,Calypso Πουκάμισο ροζ,ss26-sirens-tops,Sirens · Tops,0.51,Average,Steady,Established,30,yes,859,35,4,2026-09-23,https://myacollection.com/products/calypso-shirt-pink
ethera-dress,10525047095629,Ethera Φόρεμα,archive-sale,Archive Sale,0.50,Average,Steady,Established,42,yes,522,8,0,2026-09-23,https://myacollection.com/products/ethera-dress
nadia-dress,10730779771213,Nadia Φόρεμα,ss26-sirens,Sirens SS26,0.50,Average,New,Ramping,143,yes,1838,13,0,2026-09-23,https://myacollection.com/products/nadia-dress
arla-top,10566363447629,Arla Τοπ,ss26-sirens-tops,Sirens · Tops,0.49,Low,Fading,Established,32,yes,1033,6,0,2026-09-23,https://myacollection.com/products/arla-top
myriam-dress,10566163464525,Myriam Φόρεμα,ss26-sirens,Sirens SS26,0.49,Low,Fading,Established,149,yes,2321,8,0,2026-09-23,https://myacollection.com/products/myriam-dress
zaria-skirt,10563065872717,Zaria Skirt,ss26-sirens-skirts,Sirens · Skirts,0.49,Low,Fading,Established,22,yes,1598,35,1,2026-09-23,https://myacollection.com/products/zaria-skirt
zaria-top,10563046768973,Zaria Τοπ,ss26-sirens-tops,Sirens · Tops,0.49,Low,Fading,Established,31,no,845,39,1,2026-09-23,https://myacollection.com/products/zaria-top
hilda-dress-champagne,10564841374029,Hilda Φόρεμα σαμπανιζέ,ss26-sirens,Sirens SS26,0.48,Low,Fading,Established,150,no,1744,13,2,2026-09-23,https://myacollection.com/products/hilda-dress-champagne
myra-skirt,10563057189197,Myra Skirt,ss26-sirens-skirts,Sirens · Skirts,0.48,Low,Fading,Established,23,yes,1257,22,2,2026-09-23,https://myacollection.com/products/myra-skirt
kathy-dress,10566165856589,Kathy Φόρεμα,ss26-sirens-dresses,Sirens · Dresses,0.47,Low,Steady,Established,34,yes,3403,83,5,2026-09-23,https://myacollection.com/products/kathy-dress
lissara-skirt,10524680028493,Lissara Φούστα,archive-sale,Archive Sale,0.47,Low,Rising,Established,43,no,470,8,0,2026-09-23,https://myacollection.com/products/lissara-skirt
nai-limited-dress,10571365515597,Nai LIMITED Φόρεμα,ss26-sirens,Sirens SS26,0.47,Low,Fading,Established,151,yes,1841,0,0,2026-09-23,https://myacollection.com/products/nai-limited-dress
ophelia-skirt,10563290530125,Ophelia Skirt,ss26-sirens-skirts,Sirens · Skirts,0.47,Low,Fading,Established,24,yes,926,34,2,2026-09-23,https://myacollection.com/products/ophelia-skirt
melissa-top,10566027510093,Melissa Τοπ,ss26-sirens-tops,Sirens · Tops,0.46,Low,Fading,Established,34,yes,859,0,0,2026-09-23,https://myacollection.com/products/melissa-top
thetis,10730953146701,Thetis Τοπ,ss26-sirens-tops,Sirens · Tops,0.46,Low,New,Ramping,33,yes,297,7,0,2026-09-23,https://myacollection.com/products/thetis
coraline-kids,10703237939533,Coraline Kids Φόρεμα,ss26-sirens-kids,Sirens · Kids,0.45,Low,Steady,Established,13,yes,375,10,0,2026-09-23,https://myacollection.com/products/coraline-kids
norel,10634213425485,Norel Φόρεμα,ss26-sirens,Sirens SS26,0.45,Low,Fading,Established,153,yes,2058,38,0,2026-09-23,https://myacollection.com/products/norel
shona-shirt,10564578804045,Shona Πουκάμισο,ss26-sirens-tops,Sirens · Tops,0.45,Low,Fading,Established,35,no,1224,28,3,2026-09-23,https://myacollection.com/products/shona-shirt
valentina-kids,10700582224205,Valentina Kids Φόρεμα,ss26-sirens-kids,Sirens · Kids,0.45,Low,Steady,Established,12,yes,295,8,0,2026-09-23,https://myacollection.com/products/valentina-kids
elaris-jacket,10361324011853,Elaris Ζακέτα,archive-sale,Archive Sale,0.44,Low,Fading,Established,44,no,415,9,2,2026-09-23,https://myacollection.com/products/elaris-jacket
meria-dress,10563092447565,Meria Φόρεμα,ss26-sirens-dresses,Sirens · Dresses,0.44,Low,Fading,Established,35,no,3030,53,2,2026-09-23,https://myacollection.com/products/meria-dress
nyx,10636006129997,Nyx Τουρμπάνι,ss26-sirens-accessories,Sirens · Accessories,0.44,Low,Fading,Established,10,yes,390,4,0,2026-09-23,https://myacollection.com/products/nyx
zoe-kimono,10564757815629,Zoe Κιμονό,ss26-sirens-kimono-dresses,Sirens · Kimono dresses,0.44,Low,Steady,Established,17,yes,1751,26,2,2026-09-23,https://myacollection.com/products/zoe-kimono
dore-dress,10564872208717,Dore Φόρεμα,ss26-sirens-dresses,Sirens · Dresses,0.43,Low,Fading,Established,37,yes,3082,38,1,2026-09-23,https://myacollection.com/products/dore-dress
mare-top,10731588223309,Mare Τοπ,ss26-sirens-tops,Sirens · Tops,0.43,Low,New,Ramping,38,yes,385,2,0,2026-09-23,https://myacollection.com/products/mare-top
margie-dress,10566101827917,Margie Φόρεμα,ss26-sirens-dresses,Sirens · Dresses,0.43,Low,Fading,Established,36,no,2780,4,0,2026-09-23,https://myacollection.com/products/margie-dress
myra-top-1,10563042214221,Myra Τοπ,ss26-sirens-tops,Sirens · Tops,0.43,Low,Steady,Established,37,yes,584,20,1,2026-09-23,https://myacollection.com/products/myra-top-1
ophelia-top,10563189473613,Ophelia Τοπ,ss26-sirens-tops,Sirens · Tops,0.43,Low,Steady,Established,36,yes,862,40,2,2026-09-23,https://myacollection.com/products/ophelia-top
phoebe-limited-edition,10571285266765,Phoebe LIMITED Edition Φόρεμα,ss26-sirens,Sirens SS26,0.43,Low,Fading,Established,159,yes,1773,0,0,2026-09-23,https://myacollection.com/products/phoebe-limited-edition
saffron-dress,10566145638733,Saffron Φόρεμα,ss26-sirens,Sirens SS26,0.43,Low,Fading,Established,160,yes,2063,31,1,2026-09-23,https://myacollection.com/products/saffron-dress
rosea,10633906127181,Rosea Φόρεμα,ss26-sirens,Sirens SS26,0.42,Low,Fading,Established,161,yes,1762,0,0,2026-09-23,https://myacollection.com/products/rosea
vanetta-skirt,10074164396365,Vanetta Φούστα,archive-sale,Archive Sale,0.42,Low,Fading,Established,45,yes,134,10,1,2026-09-23,https://myacollection.com/products/vanetta-skirt
ember-top-yellow,10564586668365,Ember Τοπ κίτρινο,ss26-sirens-tops,Sirens · Tops,0.41,Low,Steady,Established,39,yes,717,18,1,2026-09-23,https://myacollection.com/products/ember-top-yellow
azalea-dress,10566201803085,Azalea Φόρεμα,ss26-sirens-dresses,Sirens · Dresses,0.39,Low,Fading,Established,39,yes,2620,12,0,2026-09-23,https://myacollection.com/products/azalea-dress
debbie-shirt,10564590010701,Debbie Πουκάμισο,ss26-sirens-tops,Sirens · Tops,0.39,Low,Steady,Established,40,yes,545,0,1,2026-09-23,https://myacollection.com/products/debbie-shirt
elaria-copy,10710381297997,Etoile Φόρεμα,ss26-sirens,Sirens SS26,0.39,Low,Rising,Established,167,yes,1873,12,0,2026-09-23,https://myacollection.com/products/elaria-copy
liberty-dress,10566102974797,Liberty Φόρεμα,ss26-sirens-dresses,Sirens · Dresses,0.39,Low,Steady,Established,38,no,2042,20,0,2026-09-23,https://myacollection.com/products/liberty-dress
stardust-kids,10703232729421,Stardust Kids Φόρεμα,ss26-sirens-kids,Sirens · Kids,0.39,Low,Steady,Established,14,yes,311,7,0,2026-09-23,https://myacollection.com/products/stardust-kids
livia-dress,10563406201165,Livia Φόρεμα,ss26-sirens-dresses,Sirens · Dresses,0.38,Low,Steady,Established,40,no,2632,14,0,2026-09-23,https://myacollection.com/products/livia-dress
lumina-dress,10523384611149,Lumina Dress,archive-sale,Archive Sale,0.38,Low,Steady,Established,46,yes,225,5,0,2026-09-23,https://myacollection.com/products/lumina-dress
orlaya-3,10641918886221,Orlaya Τοπ Ροζ,ss26-sirens-tops,Sirens · Tops,0.37,Low,Fading,Established,41,yes,898,43,1,2026-09-23,https://myacollection.com/products/orlaya-3
zale-dress,10563130229069,Zale Φόρεμα,ss26-sirens-dresses,Sirens · Dresses,0.37,Low,Fading,Established,41,no,2833,32,0,2026-09-23,https://myacollection.com/products/zale-dress
rhia-top,10563437035853,Rhia Τοπ,ss26-sirens-tops,Sirens · Tops,0.36,Low,Fading,Established,42,yes,963,10,0,2026-09-23,https://myacollection.com/products/rhia-top
elma-pants,10566039175501,Elma Παντελόνα,ss26-sirens-pants,Sirens · Pants,0.35,Low,Fading,Established,7,yes,585,12,0,2026-09-23,https://myacollection.com/products/elma-pants
gabby-top,10566028427597,Gabby Τοπ,ss26-sirens-tops,Sirens · Tops,0.35,Low,Steady,Established,43,yes,628,29,3,2026-09-23,https://myacollection.com/products/gabby-top
lilliana-skirt,8162775630105,LILLIANA SKIRT,archive-sale,Archive Sale,0.35,Low,Steady,Established,47,yes,182,8,1,2026-09-23,https://myacollection.com/products/lilliana-skirt
zelda-dress,10564934369613,Zelda Φόρεμα,ss26-sirens,Sirens SS26,0.35,Low,Fading,Established,175,yes,1415,0,0,2026-09-23,https://myacollection.com/products/zelda-dress
livia-skirt,10563055878477,Livia Skirt,ss26-sirens-skirts,Sirens · Skirts,0.34,Low,Fading,Established,25,no,1034,29,2,2026-09-23,https://myacollection.com/products/livia-skirt
odile-top,10007641030989,Odile Top,archive-sale,Archive Sale,0.34,Low,Rising,Established,48,yes,295,16,1,2026-09-23,https://myacollection.com/products/odile-top
astra-dress,10566182437197,Astra Φόρεμα,ss26-sirens-dresses,Sirens · Dresses,0.33,Low,Steady,Established,43,yes,1454,14,1,2026-09-23,https://myacollection.com/products/astra-dress
myrtle-dress-1,10563103392077,Myrtle Φόρεμα,ss26-sirens-dresses,Sirens · Dresses,0.33,Low,Fading,Established,42,no,2200,37,3,2026-09-23,https://myacollection.com/products/myrtle-dress-1
opal-top,10563436282189,Opal Τοπ,ss26-sirens-tops,Sirens · Tops,0.33,Low,Fading,Established,44,yes,890,14,1,2026-09-23,https://myacollection.com/products/opal-top
silvara-dress,10523483111757,Silvara Φόρεμα,archive-sale,Archive Sale,0.33,Low,Steady,Established,49,yes,378,6,0,2026-09-23,https://myacollection.com/products/silvara-dress
earth-tone,10663944454477,Earth Tone Κολιέ,ss26-sirens-accessories,Sirens · Accessories,0.32,Low,Rising,Established,11,yes,200,8,0,2026-09-23,https://myacollection.com/products/earth-tone
ismini,10730873160013,Ismini Κιμονό,ss26-sirens-kimono-dresses,Sirens · Kimono dresses,0.32,Low,New,Ramping,19,yes,735,7,0,2026-09-23,https://myacollection.com/products/ismini
livia-kimono,10564754964813,Livia Κιμονό,ss26-sirens-kimono-dresses,Sirens · Kimono dresses,0.32,Low,Fading,Established,18,yes,1062,2,1,2026-09-23,https://myacollection.com/products/livia-kimono
pearlina-kids,10700565840205,Pearlina Kids Φόρεμα,ss26-sirens-kids,Sirens · Kids,0.32,Low,Fading,Established,15,yes,271,6,0,2026-09-23,https://myacollection.com/products/pearlina-kids
shona-top,10564592664909,Shona Τοπ,ss26-sirens-tops,Sirens · Tops,0.32,Low,Fading,Established,45,yes,467,8,1,2026-09-23,https://myacollection.com/products/shona-top
copy-copy-74,10633898852685,Velinor Φόρεμα,ss26-sirens,Sirens SS26,0.32,Low,Fading,Established,180,yes,1357,0,0,2026-09-23,https://myacollection.com/products/copy-copy-74
arivel-dress,10377585262925,Arivel Dress,samples,Samples,0.31,Low,Fading,Established,6,yes,241,0,0,2026-09-23,https://myacollection.com/products/arivel-dress
ellie-dress,10566111002957,Ellie Φόρεμα,ss26-sirens,Sirens SS26,0.31,Low,Fading,Established,184,yes,1377,0,0,2026-09-23,https://myacollection.com/products/ellie-dress
rinna,10657650803021,Rinna Φόρεμα,ss26-sirens-dresses,Sirens · Dresses,0.31,Low,Rising,Established,44,no,1970,44,2,2026-09-23,https://myacollection.com/products/rinna
sonia-dress,10564952752461,Sonia Φόρεμα,ss26-sirens-dresses,Sirens · Dresses,0.31,Low,Fading,Established,45,yes,2508,0,0,2026-09-23,https://myacollection.com/products/sonia-dress
stella-top,10563234267469,Stella Τοπ,ss26-sirens-tops,Sirens · Tops,0.31,Low,Fading,Established,46,no,652,16,0,2026-09-23,https://myacollection.com/products/stella-top
vivienne-kids,10703242985805,Vivienne Kids Φόρεμα,ss26-sirens-kids,Sirens · Kids,0.31,Low,Steady,Established,16,no,277,0,0,2026-09-23,https://myacollection.com/products/vivienne-kids
krista-dress,10566185877837,Krista Φόρεμα,ss26-sirens-dresses,Sirens · Dresses,0.30,Low,Fading,Established,46,yes,1672,2,1,2026-09-23,https://myacollection.com/products/krista-dress
sienna-top,10566393954637,Sienna Τοπ,ss26-sirens-tops,Sirens · Tops,0.30,Low,Fading,Established,47,yes,783,0,0,2026-09-23,https://myacollection.com/products/sienna-top
sundra-top,10566352666957,Sundra Τοπ,ss26-sirens-tops,Sirens · Tops,0.30,Low,Fading,Established,48,yes,554,8,4,2026-09-23,https://myacollection.com/products/sundra-top
sylla-dress,10566150095181,Sylla Φόρεμα,ss26-sirens-dresses,Sirens · Dresses,0.30,Low,Fading,Established,47,yes,2003,24,3,2026-09-23,https://myacollection.com/products/sylla-dress
romi-top,10566360826189,Romi Τοπ,ss26-sirens-tops,Sirens · Tops,0.29,Low,Rising,Established,49,yes,426,6,0,2026-09-23,https://myacollection.com/products/romi-top
stella-skirt,10563313762637,Stella Skirt,ss26-sirens-skirts,Sirens · Skirts,0.29,Low,Fading,Established,26,yes,1092,18,1,2026-09-23,https://myacollection.com/products/stella-skirt
bella-kids,10700556566861,Bella Kids Φόρεμα,ss26-sirens-kids,Sirens · Kids,0.28,Low,Steady,Established,17,yes,246,2,1,2026-09-23,https://myacollection.com/products/bella-kids
glinda-skirt,10566351814989,Glinda Skirt,ss26-sirens-skirts,Sirens · Skirts,0.28,Low,Steady,Established,27,no,793,42,2,2026-09-23,https://myacollection.com/products/glinda-skirt
ivory-stone-1,10663946715469,Ivory Stone Κολιέ,ss26-sirens-accessories,Sirens · Accessories,0.28,Low,Rising,Established,12,yes,167,8,1,2026-09-23,https://myacollection.com/products/ivory-stone-1
livia-top,10563040510285,Livia Τοπ,ss26-sirens-tops,Sirens · Tops,0.28,Low,Steady,Established,50,no,594,28,2,2026-09-23,https://myacollection.com/products/livia-top
mae-top,10564537778509,Mae Τοπ,ss26-sirens-tops,Sirens · Tops,0.28,Low,Rising,Established,51,no,433,59,4,2026-09-23,https://myacollection.com/products/mae-top
moss-dress-1,10563105227085,Moss Φόρεμα,ss26-sirens-dresses,Sirens · Dresses,0.28,Low,Steady,Established,48,no,1769,25,0,2026-09-23,https://myacollection.com/products/moss-dress-1
hilda-dress-dusty-pink,10566100255053,Hilda Dusty Φόρεμα ροζ,ss26-sirens-dresses,Sirens · Dresses,0.27,Low,Fading,Established,49,no,1785,26,2,2026-09-23,https://myacollection.com/products/hilda-dress-dusty-pink
lilly-kimono,10566068437325,Lilly Κιμονό,ss26-sirens-kimono-dresses,Sirens · Kimono dresses,0.27,Low,Fading,Established,20,yes,1259,8,1,2026-09-23,https://myacollection.com/products/lilly-kimono
veon-top,10355601867085,Veon Τοπ,archive-sale,Archive Sale,0.27,Low,Rising,Established,50,no,206,12,0,2026-09-23,https://myacollection.com/products/veon-top
lissara-dress,10525170172237,Lissara Πουκάμισο,archive-sale,Archive Sale,0.26,Low,Rising,Established,51,yes,212,12,1,2026-09-23,https://myacollection.com/products/lissara-dress
zelda-kimono,10566049726797,Zelda Κιμονό,ss26-sirens-kimono-dresses,Sirens · Kimono dresses,0.26,Low,Fading,Established,21,yes,1059,0,0,2026-09-23,https://myacollection.com/products/zelda-kimono
lyla-kimono,10564749328717,Lyla Κιμονό,ss26-sirens-kimono-dresses,Sirens · Kimono dresses,0.25,Low,Fading,Established,22,yes,1032,0,0,2026-09-23,https://myacollection.com/products/lyla-kimono
argenta-dress,10564890132813,Argenta Φόρεμα,ss26-sirens,Sirens SS26,0.24,Low,Fading,Established,195,yes,820,0,0,2026-09-23,https://myacollection.com/products/argenta-dress
frostelle-dress,10525090709837,Frostelle Dress,all,All products (Shop now),0.24,Low,Steady,Established,398,no,536,2,0,2026-09-23,https://myacollection.com/products/frostelle-dress
meline-copy,10644362002765,Lavelle  Φόρεμα,ss26-sirens,Sirens SS26,0.24,Low,Steady,Established,194,no,890,1,1,2026-09-23,https://myacollection.com/products/meline-copy
pearl-dress,10563071410509,Pearl Φόρεμα,ss26-sirens,Sirens SS26,0.24,Low,Steady,Established,198,yes,479,24,1,2026-09-23,https://myacollection.com/products/pearl-dress
s26-1008,10563044606285,Eirys Τοπ,ss26-sirens-tops,Sirens · Tops,0.23,Low,Fading,Established,52,yes,380,0,0,2026-09-23,https://myacollection.com/products/s26-1008
florelle-shirt,10524697297229,Florelle Πουκάμισο,archive-sale,Archive Sale,0.22,Low,Rising,Established,53,no,184,8,0,2026-09-23,https://myacollection.com/products/florelle-shirt
indira-kimono,10563362685261,Indira Κιμονό,ss26-sirens-kimono-dresses,Sirens · Kimono dresses,0.22,Low,Fading,Established,23,yes,969,4,0,2026-09-23,https://myacollection.com/products/indira-kimono
myrielle,10657829552461,Myrielle Φόρεμα,ss26-sirens-dresses,Sirens · Dresses,0.22,Low,Fading,Established,50,yes,1761,10,0,2026-09-23,https://myacollection.com/products/myrielle
venira-top,10336546980173,Venira Τοπ,archive-sale,Archive Sale,0.22,Low,Fading,Established,52,yes,185,12,2,2026-09-23,https://myacollection.com/products/venira-top
odette-orange-skirt,10074174619981,Odette Orange Skirt,archive-sale,Archive Sale,0.21,Low,Fading,Established,54,yes,82,8,1,2026-09-23,https://myacollection.com/products/odette-orange-skirt
ivory-1,10663943110989,Ivory Κολιέ,ss26-sirens-accessories,Sirens · Accessories,0.19,Low,Rising,Established,13,yes,121,12,3,2026-09-23,https://myacollection.com/products/ivory-1
parker-dress,10566126928205,Parker Φόρεμα,ss26-sirens-dresses,Sirens · Dresses,0.19,Low,Fading,Established,51,yes,1493,10,0,2026-09-23,https://myacollection.com/products/parker-dress
copy-copy-42,10307851714893,Sylairra Φόρεμα,archive-sale,Archive Sale,0.18,Low,Fading,Established,55,yes,199,0,0,2026-09-23,https://myacollection.com/products/copy-copy-42
elvessa-dress,10525130293581,Elvessa Dress,all,All products (Shop now),0.17,Low,Steady,Established,416,yes,522,8,2,2026-09-23,https://myacollection.com/products/elvessa-dress
shona-skirt,10564766138701,Shona Skirt,ss26-sirens-skirts,Sirens · Skirts,0.17,Low,Fading,Established,28,no,668,3,0,2026-09-23,https://myacollection.com/products/shona-skirt
nyx-skirt,10563049128269,Nyx Skirt,ss26-sirens-skirts,Sirens · Skirts,0.16,Low,Fading,Established,29,yes,622,4,1,2026-09-23,https://myacollection.com/products/nyx-skirt
noma,10633884762445,Noma Φόρεμα,ss26-sirens,Sirens SS26,0.15,Low,Steady,Established,217,yes,407,0,0,2026-09-23,https://myacollection.com/products/noma
nyx-top,10563029533005,Nyx Τοπ,ss26-sirens-tops,Sirens · Tops,0.15,Low,Fading,Established,53,yes,273,6,0,2026-09-23,https://myacollection.com/products/nyx-top
odile-skirt,10007663804749,Odile Skirt,archive-sale,Archive Sale,0.15,Low,Fading,Established,56,yes,92,2,1,2026-09-23,https://myacollection.com/products/odile-skirt
reina-dress,6552844959843,Reina Dress,archive-sale,Archive Sale,0.14,Low,Rising,Established,57,yes,69,3,0,2026-09-23,https://myacollection.com/products/reina-dress
fiora,10633892299085,Fiora Φόρεμα,ss26-sirens-dresses,Sirens · Dresses,0.13,Low,Fading,Established,52,yes,855,4,0,2026-09-23,https://myacollection.com/products/fiora
selma-dress,10566095241549,Selma Φόρεμα,ss26-sirens,Sirens SS26,0.13,Low,Fading,Established,219,yes,601,0,0,2026-09-23,https://myacollection.com/products/selma-dress
ines-shirt,10564583817549,Ines Πουκάμισο,ss26-sirens-tops,Sirens · Tops,0.12,Low,Fading,Established,54,yes,307,12,2,2026-09-23,https://myacollection.com/products/ines-shirt
copy-copy-69,10633886466381,Linea Φόρεμα,ss26-sirens,Sirens SS26,0.12,Low,Steady,Established,223,no,524,0,0,2026-09-23,https://myacollection.com/products/copy-copy-69
olira,10633941942605,Olira Φόρεμα,ss26-sirens,Sirens SS26,0.12,Low,Fading,Established,220,yes,630,2,0,2026-09-23,https://myacollection.com/products/olira
opaline-dress,10524577136973,Opaline Φόρεμα,archive-sale,Archive Sale,0.12,Low,Fading,Established,58,yes,141,0,0,2026-09-23,https://myacollection.com/products/opaline-dress
ines-pants-1,10564803887437,Ines Παντελόνα,ss26-sirens-pants,Sirens · Pants,0.11,Low,Fading,Established,8,yes,308,0,0,2026-09-23,https://myacollection.com/products/ines-pants-1
louisa-skirt,10007597187405,Louisa Skirt,archive-sale,Archive Sale,0.11,Low,Fading,Established,59,no,56,2,0,2026-09-23,https://myacollection.com/products/louisa-skirt
lucy-shirt,10566370197837,Lucy Πουκάμισο,ss26-sirens-tops,Sirens · Tops,0.11,Low,Fading,Established,55,yes,303,0,0,2026-09-23,https://myacollection.com/products/lucy-shirt
odette-yellow-top,10137725534541,Odette Yellow Top,archive-sale,Archive Sale,0.11,Low,Fading,Established,60,no,49,4,0,2026-09-23,https://myacollection.com/products/odette-yellow-top
yvet-top,6730743185507,Yvet Τοπ,archive-sale,Archive Sale,0.10,Low,Fading,Established,61,no,34,6,0,2026-09-23,https://myacollection.com/products/yvet-top
copy-copy-71,10633887056205,Aluna Φόρεμα,ss26-sirens,Sirens SS26,0.09,Low,Steady,Established,225,no,200,1,0,2026-09-23,https://myacollection.com/products/copy-copy-71
matilda-dress,10566105825613,Matilda Φόρεμα,ss26-sirens,Sirens SS26,0.09,Low,Fading,Established,224,yes,459,2,1,2026-09-23,https://myacollection.com/products/matilda-dress
ismera,10633929261389,Ismera Φόρεμα,ss26-sirens,Sirens SS26,0.08,Low,Fading,Established,228,no,409,0,0,2026-09-23,https://myacollection.com/products/ismera
thalea,10633917563213,Thalea Φόρεμα,ss26-sirens,Sirens SS26,0.08,Low,Fading,Established,226,no,185,2,0,2026-09-23,https://myacollection.com/products/thalea
cessna-top,10006232727885,Cessna Top,archive-sale,Archive Sale,0.06,Low,Fading,Established,62,no,25,2,0,2026-09-23,https://myacollection.com/products/cessna-top
penny-top,6730744660067,Penny Τοπ,archive-sale,Archive Sale,0.06,Low,Fading,Established,63,no,26,1,0,2026-09-23,https://myacollection.com/products/penny-top
monique-skirt,10566040191309,Monique Skirt,ss26-sirens-skirts,Sirens · Skirts,0.05,Low,Fading,Established,30,yes,178,0,0,2026-09-23,https://myacollection.com/products/monique-skirt
copy-copy-77,10633966977357,Isenor Φόρεμα,ss26-sirens,Sirens SS26,0.04,Low,Fading,Established,232,no,83,1,0,2026-09-23,https://myacollection.com/products/copy-copy-77
janah-skirt,6728673165411,Janah Skirt,archive-sale,Archive Sale,0.03,Low,Fading,Established,64,yes,15,0,0,2026-09-23,https://myacollection.com/products/janah-skirt
